需求ID,角色,需求标题,需求描述,需求类型,当前状态,界面入口,当前后端或存储实现,是否基于SQLite,是否硬编码,是否基于LocalStorage,是否需要Agent,Agent工作流设计,是否关联知识库,知识库设计说明,备注,需求处理动作,是否关联0618会议,0618会议新增说明,MVP范围,上线批次,优先级,合规或依赖说明,预估工时,计划开始时间,计划结束时间,排期波次,排期目标
US001,粉丝用户,浏览租户门户,作为粉丝用户，我希望先通过租户门户理解大V是谁、看什么、为什么值得关注，以便决定是否继续进入工具使用。,业务需求,已实现,/tenant/<tenant_slug>,Flask 模板渲染 + app_settings.site_config.tenants[].portal_cms,是,否,否,否,,否,,门户已按 page_blocks 顺序渲染,已存在，更新分批,是,会议确认一期先用门户承接大V价值主张与只读内容。,MVP核心,Batch 1（1个月内）,P0,需统一门户免责声明与身份说明,3.5,2026-07-09,2026-07-17,W2 门户与租户配置,打通租户门户、CMS、品牌配置与发布链路
US002,大V,编辑租户门户,作为大V，我希望可视化编辑自己的租户门户，包括标题、文案、截图、表格和联系方式，以便持续维护对外主页。,业务需求,已实现,/kol-workbench?section=portal,POST /api/kol/portal-cms -> app_settings.site_config.tenants[].portal_cms,是,否,否,否,,是,知识库条目可作为富文本内容来源，但当前未直接打通引用选择器。,当前是富文本 CMS，不是拖拽布局引擎,已存在，更新分批,否,作为会议结论的承接能力，用于持续维护对外主页。,MVP核心,Batch 1（1个月内）,P0,需控制富文本白名单与发布口径,3.5,2026-07-09,2026-07-17,W2 门户与租户配置,打通租户门户、CMS、品牌配置与发布链路
US003,大V,发布门户草稿,作为大V，我希望编辑完成后可以发布门户草稿，并让粉丝端同步更新。,业务需求,已实现,工作台门户编辑区,portal_cms 持久化到 SQLite app_settings,是,否,否,否,,否,,发布后 /tenant 同步,已存在，更新分批,否,支撑大V持续更新门户并同步到粉丝端。,MVP核心,Batch 1（1个月内）,P1,需保留发布态与回滚能力,2.5,2026-07-09,2026-07-17,W2 门户与租户配置,打通租户门户、CMS、品牌配置与发布链路
US004,大V,门户富文本支持贴图和表格,作为大V，我希望在门户正文里可以粘贴截图和表格，以便直接复用研究材料。,技术需求,已实现,工作台门户富文本区,前端 contenteditable + onpaste;base64 图像 + HTML table; 后端 HTML 白名单存 portal_cms,是,否,否,否,,否,,图片当前以 data:image 方式保存在 portal_cms JSON 中,已存在，更新分批,是,会议强调复盘和知识库需要引用截图、表格、证据链素材。,MVP核心,Batch 1（1个月内）,P0,需限制图片大小与HTML安全,4.5,2026-07-09,2026-07-17,W2 门户与租户配置,打通租户门户、CMS、品牌配置与发布链路
US005,大V,调整门户模块顺序和显隐,作为大V，我希望控制门户模块顺序和显示状态，以便决定粉丝首先看到什么。,业务需求,已实现,工作台门户左侧结构区,page_blocks[] enabled/order -> portal_cms,是,否,否,否,,否,,当前支持 hero/dashboard/rich_text/contact,已存在，更新分批,否,用于控制一期先展示什么内容。,MVP核心,Batch 1（1个月内）,P1,需与粉丝端渲染协议保持一致,2.5,2026-07-09,2026-07-17,W2 门户与租户配置,打通租户门户、CMS、品牌配置与发布链路
US006,粉丝用户,进入H5继续使用,作为粉丝用户，我希望从门户进入 H5 继续查看分析、自选股、复盘和 Hermes。,业务需求,已实现,/h5,Flask 页面 + 前端运行时数据,部分,是,是,否,,否,,数据主要是 demo 生成,已存在，更新分批,是,会议建议用户先看内容，再进入H5继续消费研究能力。,MVP核心,Batch 1（1个月内）,P1,H5入口需跟随租户功能控开,2.5,2026-07-18,2026-07-30,W3 基本面与Dashboard,把基本面首页、智能看板、提示词配置从演示态拉到可配置态
US007,粉丝用户,查看基本面分析,作为粉丝用户，我希望查看个股结构化基本面分析，以便快速理解核心判断。,业务需求,已实现,H5 个股详情,/api/watchlist/<stock_code> -> gen_watchlist_details(),否,是,否,部分,可选,后续可接 Agent 负责财报抽取->指标标准化->结论生成。,是,知识库应支持 company / industry / thesis / evidence / validation_node 五元结构。；当前数据为硬编码 demo 样本,已存在，更新分批,是,会议明确首页基本面和个股信息要受合规边界约束。,MVP受限开放,Batch 1（1个月内）,P0,高合规风险；只保留研究表达和风险提示,3.0,2026-07-18,2026-07-30,W3 基本面与Dashboard,把基本面首页、智能看板、提示词配置从演示态拉到可配置态
US008,粉丝用户,查看K线与均线,作为粉丝用户，我希望在个股详情看到 K 线与均线，以便结合走势理解判断。,业务需求,已实现,H5 个股详情,前端 SVG/K线数据来自 gen_watchlist_details(),否,是,否,否,,否,,当前为演示数据,已存在，更新分批,是,K线走势与复盘标注是会议中被反复提到的展示形式。,MVP核心,Batch 1（1个月内）,P1,需避免直接形成荐股表达,2.5,2026-07-31,2026-08-22,W4 自选股研究层,完成自选股、K线、板块归纳、预警与相关配置中心
US009,粉丝用户,添加自选股,作为粉丝用户，我希望把感兴趣的股票加入自选，以便后续跟踪。,业务需求,已实现,H5 自选股,浏览器 localStorage WATCHLIST_ADDED_STORAGE_KEY,否,否,是,否,,否,,当前未持久化到 SQLite,已存在，更新分批,否,自选股是既定MVP能力，会议未改变优先级。,MVP核心,Batch 1（1个月内）,P0,需迁移到后端形成租户级资产,3.5,2026-07-31,2026-08-22,W4 自选股研究层,完成自选股、K线、板块归纳、预警与相关配置中心
US010,粉丝用户,给K线做标注,作为粉丝用户，我希望在 K 线上记录当时判断和复盘话语，以便后续复盘引用。,业务需求,已实现,H5 个股详情标注弹窗,browser localStorage WATCHLIST_ANNOTATION_STORAGE_KEY,否,否,是,否,,是,知识条目应支持 annotation -> linked_symbol -> timestamp -> note -> thesis。,当前仅前端本地存储,已存在，更新分批,是,会议明确需要K线标注和复盘证据链联动。,MVP核心,Batch 1（1个月内）,P1,标注需和复盘内容关联留痕,2.5,2026-07-31,2026-08-22,W4 自选股研究层,完成自选股、K线、板块归纳、预警与相关配置中心
US011,粉丝用户,阅读复盘,作为粉丝用户，我希望阅读最新日/周复盘，以便了解大V当前主线。,业务需求,已实现,H5 复盘区 / 门户代表内容,WORKBENCH_DATA.published_reviews 前端运行时 + app.py demo 数据,否,是,部分,部分,需要,Agent 工作流可设计为：语音/文件/手写输入 -> 结构化抽取 -> 风险提示 -> 草稿生成 -> 人工确认发布。,是,知识库应支持 review 文档类型，含周期、样本池、主线、证据链、验证节点。；当前发布数据大多是硬编码/前端运行时,已存在，更新分批,是,会议把复盘定义为一期核心价值承接。,MVP核心,Batch 1（1个月内）,P0,需保留证据链和风险边界,3.5,2026-08-23,2026-09-02,W5 复盘与知识库,把复盘生产、知识维护和内容发布库做成 MVP 可闭环状态
US012,大V,生产复盘草稿,作为大V，我希望通过工作台生成复盘草稿，以便更高效完成高频内容生产。,业务需求,部分实现,/kol-workbench?section=review,前端 review_studio 流程 + published_reviews 运行时修改，无独立持久化表,否,部分,部分,是,需要,推荐工作流：输入源采集(语音/文件/手写)->转写与解析->抽样自选股->章节草拟->证据链补齐->合规化改写->发布。,是,知识库需支持 review_source、review_draft、published_review 三层。；流程和交互已做，持久化不足,已存在，更新分批,是,会议明确大V需要生产复盘草稿并展示初稿过程。,MVP核心,Batch 1（1个月内）,P0,需人工确认后发布，避免自动输出越界,6.0,2026-08-23,2026-09-02,W5 复盘与知识库,把复盘生产、知识维护和内容发布库做成 MVP 可闭环状态
US013,大V,语音转复盘,作为大V，我希望口述收盘观点后自动转成复盘草稿，以便节省整理时间。,业务需求,仅原型,工作台复盘区,前端按钮+toast，无真实转写后端,否,是,否,是,需要,ASR -> 段落切分 -> 主线识别 -> 股票实体抽取 -> 草稿排版。,是,知识库要能存 transcript、speaker_note、normalized_summary。；目前只是演示话术,已存在，更新分批,是,语音是会议讨论的复盘输入形态之一，但可后置。,二期,Batch 2（1个月后）,P1,依赖转写质量与结构化抽取,5.5,2026-09-19,2026-09-25,W9 二期智能体,做语音复盘、问题归纳和 Hermes 深化
US014,大V,上传文件生成复盘,作为大V，我希望上传研报/纪要/PDF 后自动生成复盘初稿。,业务需求,仅原型,工作台复盘区,UI 有描述，无上传解析接口,否,是,否,是,需要,文件解析 -> OCR/PDF 抽取 -> 段落摘要 -> 观点去重 -> 复盘模板填充。,是,知识库应支持 source_file、page_reference、chunk_embedding、citation。；需要对接真实文件处理与 Agent,已存在，更新分批,是,会议强调引用资讯、共享材料、文件证据链。,MVP受限开放,Batch 1.5（灰度）,P1,依赖文件解析、引用标注与版权边界,5.5,2026-09-07,2026-09-17,W7 灰度互动一期,MVP 上线后灰度开放文件导入、消息处理与初级编排
US015,粉丝用户,通过消息向大V提问,作为粉丝用户，我希望给所属大V发消息和追问，以便持续交流。,业务需求,已实现,H5 消息区,/api/dm/send + 前端 DM 会话; 对话内容主要运行时/模拟,否,部分,部分,部分,可选,后续可接 Agent 做自动草拟回复、问题归类、优先级排序。,是,知识库可承接 FAQ、历史问答、标准回复模板。；目前是模拟回复逻辑,已存在，更新分批,是,会议认为开放式互动初期要克制，避免大V被大量留言淹没。,MVP受限开放,Batch 1.5（灰度）,P1,先做定向提问与限流，不做完全开放留言,2.0,2026-09-07,2026-09-17,W7 灰度互动一期,MVP 上线后灰度开放文件导入、消息处理与初级编排
US016,大V,在工作台处理粉丝消息,作为大V，我希望统一查看和回复所属租户粉丝消息，以便经营关系。,业务需求,已实现,工作台 messages/H5 DM,gen_kol_workbench.message_center + /api/dm/* 模拟接口,否,是,部分,部分,可选,Agent 可做消息分流：复盘追问/个股问答/付费意向/活动转化。,是,知识库可存 message_intent 与 reply_template。；当前多为 demo 数据,已存在，更新分批,是,工作台消息处理应在一期后灰度开放，而非默认全面开放。,MVP受限开放,Batch 1.5（灰度）,P1,需消息分层、优先级和模板回复,2.0,2026-09-07,2026-09-17,W7 灰度互动一期,MVP 上线后灰度开放文件导入、消息处理与初级编排
US017,大V,群发复盘提醒,作为大V，我希望群发复盘或活动提醒给粉丝，以便提升触达。,业务需求,已实现(演示级),工作台 broadcast,/api/kol/broadcast 返回模拟 reach,否,是,否,部分,可选,Agent 可生成不同粉丝层级的文案版本，并做发送时机优化。,是,知识库可沉淀群发模板、活动模板、分层话术。；无真实发送通道,已存在，更新分批,否,一对多复盘提醒比双向互动更适合前期灰度。,MVP受限开放,Batch 1.5（灰度）,P1,建议仅限复盘发布/活动提醒,2.5,2026-09-18,2026-09-18,W8 灰度互动二期,补齐群发与互动触达的灰度能力
US018,粉丝用户,与Hermes进行个股分析,作为粉丝用户，我希望让 Hermes 基于股票和租户上下文输出结构化分析。,业务需求,已实现,H5 Hermes,/api/watchlist + 前端 buildHermesAnalysis，本地 Skill/知识匹配,否,部分,部分,部分,需要,建议 Agent 工作流：意图识别 -> 实体识别 -> 拉取知识/行情/财报 -> 推理 -> 结构化输出 -> 风险提示。,是,知识库应支持 symbol / theme / document / evidence / quote / validation_node。；当前推理主要前端硬编码逻辑，未接真实 Agent,已存在，更新分批,是,会议把智能体定位为长期方向，但个股分析不放在首月核心。,二期,Batch 2（1个月后）,P1,高合规风险；需接真实Agent与知识库,2.0,2026-09-19,2026-09-25,W9 二期智能体,做语音复盘、问题归纳和 Hermes 深化
US019,粉丝用户,与Hermes纯对话,作为粉丝用户，我希望不输入股票代码也能与 Hermes 纯对话，并承接租户方法论。,业务需求,已实现,H5 Hermes lobster 模式,前端 buildHermesGeneralResponse + localStorage custom skills,否,部分,是,部分,需要,对话 Agent：问题分类 -> 关联 Skill -> 知识检索 -> 结构化回答/追问建议。,是,知识库应支持 skill 级召回、tag、prompt_binding。；当前为前端规则引擎,已存在，更新分批,是,纯对话智能体属于平台长期价值，不是一期必需。,二期,Batch 2（1个月后）,P1,需租户级上下文、意图识别和风控,2.0,2026-09-19,2026-09-25,W9 二期智能体,做语音复盘、问题归纳和 Hermes 深化
US020,大V,新增自定义Skill,作为大V，我希望把自己的研究动作沉淀成自定义 Skill，并绑定知识库。,业务需求,已实现(前端级),H5 Hermes 自定义 Skill 弹窗,localStorage HERMES_CUSTOM_SKILL_STORAGE_KEY,否,否,是,部分,需要,Skill Agent 编排：skill prompt + linked knowledge + answer formatter。,是,"Skill 数据模型建议：id,label,prompt_template,knowledge_ids,output_schema,guardrails。；目前未持久化到 SQLite",已存在，更新分批,否,自定义Skill属于智能体深化能力，可后置。,三期,Batch 3（商业化/生态）,P2,依赖稳定Skill协议和权限模型,2.5,2026-10-04,2026-10-08,W12 三期生态,处理社区、Skill 生态和内容分发等扩展能力
US021,大V,维护知识库条目,作为大V，我希望维护自己的知识库条目，并让 Hermes 持续使用。,业务需求,部分实现,工作台 knowledge / H5 Hermes,knowledge_hub 当前来自 app.py 硬编码 + 前端运行时微调,否,是,部分,是,需要,知识 Agent：采集 -> 切分 -> 摘要 -> 标签 -> 验证节点抽取 -> 入库 -> 召回。,是,建议知识库表：documents/chunks/entities/relations/skills_bindings/revisions。；当前无真实数据库知识表,已存在，更新分批,是,会议把知识库沉淀定义为产品最大价值之一。,MVP核心,Batch 1（1个月内）,P0,需先定义知识结构与版本机制,6.0,2026-08-23,2026-09-02,W5 复盘与知识库,把复盘生产、知识维护和内容发布库做成 MVP 可闭环状态
US022,大V,微调历史知识内容,作为大V，我希望点开历史知识条目继续修改和微调，以便持续优化知识资产。,业务需求,已实现(演示级),工作台 knowledge,前端运行时修改 WINDOW data，部分同步本页，无后端持久化,否,是,部分,是,需要,编辑 Agent 可辅助重写、去噪、结构化、加验证节点。,是,需要 revision history、editor、source provenance。；当前更多是前端状态操作,已存在，更新分批,是,历史内容微调直接对应会议中的历史观点沉淀需求。,MVP核心,Batch 1（1个月内）,P1,需保留来源、版本和修改人,3.0,2026-08-23,2026-09-02,W5 复盘与知识库,把复盘生产、知识维护和内容发布库做成 MVP 可闭环状态
US023,大V,让知识条目被Hermes引用,作为大V，我希望知识条目可被 Skill 和 Hermes 自动命中，以便输出更像我。,业务需求,已实现(规则级),H5 Hermes,inferHermesKnowledgeForSkill() 关键词/绑定匹配,否,部分,是,是,需要,检索 Agent：query rewrite -> hybrid search -> rerank -> evidence assembly。,是,需要 embedding、keyword、entity 和手工绑定混合召回。；当前用前端关键词匹配和 linkedKnowledgeIds,已存在，更新分批,是,知识被Hermes引用是二期智能体闭环的一部分。,二期,Batch 2（1个月后）,P1,依赖检索、引用和可解释输出,3.0,2026-09-26,2026-09-30,W10 二期预测与知识引用,补齐知识引用、预测配置和结果展示
US024,平台Admin,管理租户,作为平台管理员，我希望新增和修改租户，以便支持多个大V独立运营。,业务需求,已实现,/admin,site_config.tenants -> SQLite app_settings,是,否,否,否,,否,,一个大V就是一个租户,已存在，更新分批,否,一个大V就是一个租户，租户管理是一切交付前提。,MVP核心,Batch 1（1个月内）,P0,需和门户/工作台权限完全一致,3.5,2026-06-19,2026-07-08,W1 基础底座,租户/用户/功能控开/合规/数据底座先就位，避免后续返工
US025,平台Admin,管理用户,作为平台管理员，我希望新增、导入和查看用户，以便管理粉丝、大V和管理员账户。,业务需求,已实现,/admin,/api/admin/users + SQLite users 表,是,否,否,否,,否,,create/import/list 已落地,已存在，更新分批,否,导入和管理用户是首月基本运营底座。,MVP核心,Batch 1（1个月内）,P0,需支撑粉丝导入与后续分层,3.5,2026-06-19,2026-07-08,W1 基础底座,租户/用户/功能控开/合规/数据底座先就位，避免后续返工
US026,平台Admin,控制功能开关,作为平台管理员，我希望通过 feature flag 控制 Hermes/预测/工作台等能力开放节奏。,业务需求,已实现,/admin,/api/admin/site-config -> app_settings.site_config.feature_flags,是,否,否,否,,否,,当前 Hermes 默认关闭，dm/workbench 默认开,已存在，更新分批,是,会议明确功能要分期和控开，因此开关体系必须先到位。,MVP核心,Batch 1（1个月内）,P0,需支持只读/互动/Hermes分级开关,3.5,2026-06-19,2026-07-08,W1 基础底座,租户/用户/功能控开/合规/数据底座先就位，避免后续返工
US027,平台Admin,查看访问审计,作为平台管理员，我希望查看访问日志和统计，以便审计平台使用情况。,业务需求,已实现,/admin,/api/admin/access-stats + /api/admin/access-logs + SQLite access_logs,是,否,否,否,,否,,访问日志真实写库,已存在，更新分批,否,访问审计是水印追溯和运营分析的基础。,MVP核心,Batch 1（1个月内）,P1,需保留用户、时间、页面访问链路,2.5,2026-09-03,2026-09-06,W6 导粉与验收缓冲,完成导粉、审计、端到端联调和 MVP 上线前验收
US028,平台Admin,配置预测工作流,作为平台管理员，我希望定义预测算法工作流与参数，以便统一控制预测逻辑。,技术需求,已实现(配置层),/admin forecast,/api/admin/forecast-config + app_settings.forecast_workflow_graph,是,否,否,部分,需要,Forecast Agent/Workflow：source -> raw_signal -> clip -> volatility_cap -> backtest_blend -> confidence_guard -> output。,否,当前是参数化工作流，不是 LLM Agent,已存在，更新分批,否,预测工作流按既定规划放到二期。,二期,Batch 2（1个月后）,P2,依赖模型、回测和解释层,4.0,2026-09-26,2026-09-30,W10 二期预测与知识引用,补齐知识引用、预测配置和结果展示
US029,粉丝用户,查看预测结果,作为粉丝用户，我希望看到基本面判断/预测结果，但仅在平台开放时可用。,业务需求,部分实现,H5 个股详情,/api/watchlist/<stock_code> 返回 forecast；feature_flag 可关闭,否,部分,否,部分,需要,真实预测需接行情/财务/回测 Agent 或计算服务。,是,知识库可作为解释层而非直接预测层。；当前默认关闭 stock_forecast,已存在，更新分批,否,预测结果查看不进入首月MVP。,二期,Batch 2（1个月后）,P2,需置信度、历史回测与免责声明,4.0,2026-09-26,2026-09-30,W10 二期预测与知识引用,补齐知识引用、预测配置和结果展示
US030,大V,查看经营Dashboard,作为大V，我希望查看粉丝增长、消息分布、发布趋势等经营指标，以便判断运营情况。,业务需求,已实现,工作台 biz-dashboard,gen_kol_workbench.dashboard_metrics 演示数据,否,是,否,部分,可选,Agent 可做经营洞察总结，但基础看板不强依赖。,否,当前指标大多硬编码演示,已存在，更新分批,否,固定Dashboard是门户中部的标准承接模块。,MVP核心,Batch 1（1个月内）,P1,先固定模板，避免首月过度智能化,2.5,2026-07-18,2026-07-30,W3 基本面与Dashboard,把基本面首页、智能看板、提示词配置从演示态拉到可配置态
US031,大V,定义智能Dashboard与提示词面板,作为大V，我希望用提示词、布局和指标槽位定义智能 Dashboard，并清楚展示当前提示词配置，以便把基本面研究框架产品化。,业务需求,部分实现,工作台 dashboard / H5 基本面顶部,H5 localStorage FUND_DASHBOARD_STORAGE_KEY + workbench demo 数据 + prompt slot 运行时生成,否,部分,是,是,面板 Agent：读取提示词槽位 -> 解析指标语义 -> 拉取候选数据 -> 生成 panel schema -> 产出展示卡片与说明文案。,是,知识库可存 dashboard_prompt、metric_semantics、panel_examples、watchlist_theme_binding。,当前已存在提示词槽位、布局切换、草稿/发布逻辑，但仍是前端状态，未形成正式租户级配置资产。,已存在，更新分批,是,基本面首页需要由大V可定义的研究框架驱动，智能Dashboard应作为基本面重要组成。,MVP核心,Batch 1（1个月内）,P0,需先完成配置持久化与提示词展示协议，避免只停留在演示态,6.0,2026-07-18,2026-07-30,W3 基本面与Dashboard,把基本面首页、智能看板、提示词配置从演示态拉到可配置态
US032,粉丝用户,查看社区与活动,作为粉丝用户，我希望浏览社区帖子和活动，以便参与平台互动。,业务需求,已实现(演示级),H5 community,/api/community/* 返回硬编码数据,否,是,否,否,,否,,feature_flag community 当前默认关闭,已存在，更新分批,否,社区/活动不在本次会议优先级内。,三期,Batch 3（商业化/生态）,P2,默认继续关闭，避免运营负担,2.0,2026-10-04,2026-10-08,W12 三期生态,处理社区、Skill 生态和内容分发等扩展能力
US033,大V,扫码导入粉丝,作为大V，我希望通过扫码和联系方式承接粉丝，以便导入到自己的租户体系。,业务需求,部分实现,门户 contact / 工作台说明,UI与文案已实现，无真实扫码导入流程,否,是,否,部分,可选,Agent 可做导入后欢迎流程和首轮问答引导。,是,知识库可沉淀 onboarding FAQ 与欢迎脚本。；MVP 规划里明确需要落地,已存在，更新分批,否,粉丝扫码导入已被明确列入首月MVP。,MVP核心,Batch 1（1个月内）,P0,需和租户归属、渠道标记联动,6.0,2026-09-03,2026-09-06,W6 导粉与验收缓冲,完成导粉、审计、端到端联调和 MVP 上线前验收
US034,平台方,让门户/H5/工作台/Admin 口径一致,作为平台方，我希望不同端的角色和能力边界保持一致，以便避免产品叙事混乱。,技术需求,已实现,首页/各端,多处模板与 gen_kol_workbench 文案/结构统一,否,部分,否,否,,否,,属于产品一致性实现,已存在，更新分批,否,多端口径一致是当前产品设计主线。,MVP核心,Batch 1（1个月内）,P0,需统一租户配置和展示协议,4.5,2026-06-19,2026-07-08,W1 基础底座,租户/用户/功能控开/合规/数据底座先就位，避免后续返工
US035,大V,维护租户品牌与门户配置,作为大V或平台方，我希望租户品牌配置和门户配置归属于租户详情，而不是散落在系统设置。,业务需求,部分实现,admin + portal cms,品牌在 site_config.brand/tenants，门户在 portal_cms,是,部分,否,否,,否,,租户详情页语义已调整，但后台结构仍可继续深化,已存在，更新分批,否,租户品牌与门户配置是租户详情页的核心组成。,MVP核心,Batch 1（1个月内）,P1,需从系统设置中彻底收拢到租户管理,5.0,2026-07-09,2026-07-17,W2 门户与租户配置,打通租户门户、CMS、品牌配置与发布链路
US036,技术平台,构建真实知识库数据层,作为技术平台，我希望知识库不再只是硬编码和前端状态，而是有正式存储、版本、检索和绑定关系。,技术需求,未实现,无正式入口,当前主要硬编码 + localStorage + runtime,否,是,是,是,需要,建议工作流：ingest -> normalize -> chunk -> entity/tag extraction -> embed -> store -> bind to skills -> retrieve -> feedback loop。,是,"表设计建议：kb_documents,kb_chunks,kb_entities,kb_relations,kb_skill_bindings,kb_revisions,kb_sources。；这是后续核心建设项",已存在，更新分批,是,会议把知识库沉淀定为长期核心，因此真实数据层要前置。,MVP核心,Batch 1（1个月内）,P0,是知识库、复盘、智能体共用底座,9.0,2026-06-19,2026-07-08,W1 基础底座,租户/用户/功能控开/合规/数据底座先就位，避免后续返工
US037,技术平台,构建真实Agent编排层,作为技术平台，我希望把 Hermes、复盘、知识处理、消息辅助等能力接到统一 Agent 编排层。,技术需求,未实现,无正式入口,当前多为前端规则和硬编码 demo,否,是,否,是,需要,统一 Agent Orchestrator：intent router / retrieval / tool calling / structured output / human-in-the-loop / audit log。,是,知识库是 Agent 的核心上下文层，需要支持可解释检索和引用。；建议作为第二阶段基础工程,已存在，更新分批,是,会议把智能体定位为大V的24小时服务能力，但首期可做受限编排。,MVP受限开放,Batch 1.5（灰度）,P0,先支撑复盘/知识问答，再扩展到Hermes,8.5,2026-09-07,2026-09-17,W7 灰度互动一期,MVP 上线后灰度开放文件导入、消息处理与初级编排
US038,技术平台,把前端 localStorage 状态迁移到后端,作为技术平台，我希望把自选股、K线标注、自定义 Skill、知识微调等前端状态迁移到服务端，以便跨端同步和可审计。,技术需求,未实现,多处前端,当前 localStorage 为主,否,否,是,部分,可选,Agent 不必须，但迁移后才能支持更完整工作流和协同。,是,迁移后知识与 skill 才能真正形成租户级长期资产。；这是从 demo 到产品化的关键一步,已存在，更新分批,否,localStorage状态不迁移，租户资产就无法长期沉淀。,MVP核心,Batch 1（1个月内）,P1,优先迁移自选股、标注、Skill配置,8.0,2026-07-31,2026-08-22,W4 自选股研究层,完成自选股、K线、板块归纳、预警与相关配置中心
US039,平台产品,开启一期只读模式,作为平台产品，我希望一期以前台只读内容承接为主，减少大V实时互动负担，以便先验证内容价值与转化路径。,业务需求,未实现,Admin 功能控开 / 门户 / H5,当前仅有分散 feature flag，未形成只读模式编排,部分,否,否,否,,否,,需按租户关闭留言、DM入口、复杂互动入口，仅保留内容消费和导流,新增,是,会议明确一阶段优先只读效果，互动功能初期暂不全面开放。,MVP核心,Batch 1（1个月内）,P0,降低客服压力与合规暴露面,8.0,2026-06-19,2026-07-08,W1 基础底座,租户/用户/功能控开/合规/数据底座先就位，避免后续返工
US040,大V,自动归纳粉丝共性问题,作为大V，我希望系统自动聚合同类粉丝提问并生成待回复问题列表，以便只处理高频问题。,业务需求,未实现,工作台消息中心 / Agent 编排层,当前无问题聚类、摘要和待办队列,否,否,否,是,消息采集 -> 意图识别 -> 相似问题聚类 -> 摘要生成 -> 待大V确认回复 -> 模板回灌知识库,是,需要 question_cluster、intent、canonical_answer、reply_template 四类对象。,可作为互动能力开放前的缓冲层,新增,是,会议提出若能自动归纳用户提问，后续可考虑开放互动。,二期,Batch 2（1个月后）,P1,依赖消息数据沉淀和Agent聚类能力,6.5,2026-09-19,2026-09-25,W9 二期智能体,做语音复盘、问题归纳和 Hermes 深化
US041,平台管理员,付费内容水印与盗版追溯,作为平台管理员，我希望对付费内容叠加用户标识水印并支持追溯，以便识别截图外传与盗版账号。,技术需求,未实现,H5 付费内容页 / 图片导出层 / Admin 审计,当前无动态水印、无盗版追溯链路,部分,否,否,否,,否,,建议水印包含用户ID、时间戳、租户、渠道来源，并与访问日志关联,新增,是,会议明确提出截图传播风险，需要类似飞书的浅显动态水印。,MVP受限开放,Batch 2（收费能力开放前）,P1,依赖登录态、付费态、访问审计和封禁流程,7.5,2026-10-01,2026-10-03,W11 收费前安全能力,在收费前补上水印与盗版追溯
US042,运营/大V助理,多平台内容分发助手,作为运营或大V助理，我希望把复盘和内容摘要快速分发到多个平台，以便扩大获客和转化。,业务需求,未实现,工作台发布中心 / 运营后台,当前仍依赖人工分发，无统一素材包与渠道模板,否,否,否,部分,内容摘要 -> 渠道改写 -> 人工确认 -> 多平台分发记录,是,可沉淀 channel_template、distribution_asset、campaign_result。,会议认为现阶段助理人工可完成，转化效果与人力成本需后续验证,新增,是,会议提到当前已有助理分发，但后续仍需评估转化与人力成本。,三期,Batch 3（商业化/生态）,P2,依赖渠道策略、素材模板和运营归因,6.0,2026-10-04,2026-10-08,W12 三期生态,处理社区、Skill 生态和内容分发等扩展能力
US043,技术团队,对接Gangtise API并完成积分测试,作为技术团队，我希望尽快研究并打通 Gangtise API 与积分测试，以便把演示数据切到真实数据源。,技术需求,未实现,后端数据接入层 / Admin 配置,当前核心行情、资讯、复盘数据仍以 demo/hardcode 为主,否,是,否,部分,外部API接入 -> 数据标准化 -> 入库/缓存 -> 提供给知识库与Agent消费,是,需要 source_connector、sync_job、raw_document、normalized_event 等对象。,会议待办明确要求研究 60+ API 并尽快完成调通和积分测试,新增,是,会议把 API 研究和积分测试列为明确待办。,MVP核心,Batch 1（1个月内）,P0,外部依赖强，需明确API可用性、配额和缓存策略,9.0,2026-06-19,2026-07-08,W1 基础底座,租户/用户/功能控开/合规/数据底座先就位，避免后续返工
US044,平台管理员,统一合规边界与免责声明控制,作为平台管理员，我希望统一控制基本面、复盘、消息和 Hermes 的合规文案与敏感表达边界，以便降低荐股和内容合规风险。,技术需求,部分实现,Admin 合规配置 / H5 / DM / Hermes / 门户,当前已有零散文案和回复模板，但缺少统一策略中心,部分,部分,否,部分,敏感意图识别 -> 风险等级判定 -> 文案降级/拦截 -> 审计留痕,否,,需覆盖买卖建议、收益承诺、未验证信息、引用转载等场景,新增,是,会议重点强调荐股风险和首页个股信息的擦边风险。,MVP核心,Batch 1（1个月内）,P0,高合规优先级，需全链路统一,7.0,2026-06-19,2026-07-08,W1 基础底座,租户/用户/功能控开/合规/数据底座先就位，避免后续返工
US045,大V,按自选股自动归纳研究板块,作为大V，我希望系统根据我的自选股自动归纳所属板块、主题和主线，以便快速形成基本面研究面板和复盘样本池。,业务需求,部分实现,H5 自选股 / 工作台 Dashboard / 复盘台,app.py 中 watchlist detail 含 board/theme/related_indicator，但未形成正式板块归纳层与租户级分组配置,否,部分,部分,部分,自选股池 -> 股票实体标准化 -> 行业/主题映射 -> 主线聚类 -> 生成板块摘要与推荐观察指标。,是,知识库应支持 watchlist_theme、board_cluster、symbol_theme_binding、theme_evidence。,当前代码里已有 board 字段和相关指标提示，但没有形成独立的板块归纳产品能力。,新增,否,这是你本轮补充明确的基本面核心能力，需要从自选股延展到主题归纳。,MVP核心,Batch 1（1个月内）,P0,依赖股票到行业/主题映射与租户级自选股持久化,6.0,2026-07-31,2026-08-22,W4 自选股研究层,完成自选股、K线、板块归纳、预警与相关配置中心
US046,粉丝用户/大V,查看自选股预警分析,作为粉丝用户或大V，我希望看到自选股的预警等级、触发原因和后续观察项，以便及时发现基本面和交易层面的异动。,业务需求,部分实现,H5 自选股详情 / 工作台研究面板,app.py watchlist detail 已含 alert_level、alert_text 和 indicator alert，但多为 demo 规则，未形成可配置预警中心,否,部分,否,部分,指标监控 -> 阈值/事件触发 -> 风险等级判定 -> 原因解释 -> 推送到自选股详情/复盘/消息提醒。,是,知识库应支持 alert_rule、alert_event、watch_item、followup_action、theme_risk_pattern。,当前已有预警字段和局部提示文案，但缺少统一规则配置、历史事件留存和消息联动。,新增,否,这是你本轮补充明确的自选股核心能力，应与基本面、复盘和消息联动。,MVP核心,Batch 1（1个月内）,P0,依赖真实指标源、阈值配置和消息触达机制,6.0,2026-07-31,2026-08-22,W4 自选股研究层,完成自选股、K线、板块归纳、预警与相关配置中心
US047,大V/运营,配置基本面展示模板与字段,作为大V或运营，我希望配置基本面页展示哪些模块、字段、排序和文案口径，以便不同租户按自己的研究框架展示内容。,技术需求,未实现,工作台基本面配置 / 租户详情 / H5 基本面页,当前基本面详情主要由 gen_watchlist_details() 硬编码返回，缺少租户级字段模板 CRUD,否,是,否,否,,是,需支持 fundamental_template、field_definition、tenant_field_binding、display_order、copy_variant。,这是“基本面有展示，但没有配置展示能力”的核心缺口。,新增,否,这是本轮补充的展示后 CRUD 能力，直接支撑基本面产品化。,MVP核心,Batch 1（1个月内）,P0,需和租户权限、合规字段、前台渲染协议同步设计,9.0,2026-07-18,2026-07-30,W3 基本面与Dashboard,把基本面首页、智能看板、提示词配置从演示态拉到可配置态
US048,技术平台,维护自选股详情数据源与K线配置,作为技术平台，我希望可维护自选股详情、K线、均线和指标来源的配置与数据更新规则，以便前台展示不再依赖演示样本。,技术需求,未实现,后端数据层 / Admin 数据源配置,当前 K线与详情数据来自 gen_watchlist_details() 演示数据，缺少真实数据接入和管理 CRUD,否,是,否,否,,否,,解决“图表能展示，但没有数据源管理能力”的问题。,新增,是,与会议里 API 对接、真实数据源替换演示数据的方向一致。,MVP核心,Batch 1（1个月内）,P0,依赖外部行情/基础数据源、缓存与刷新策略,9.0,2026-07-31,2026-08-22,W4 自选股研究层,完成自选股、K线、板块归纳、预警与相关配置中心
US049,大V/运营,维护自选股板块映射与主题分组,作为大V或运营，我希望对自选股的板块、主题、主线和关注标签做新增、修改、归并和排序，以便板块归纳能力可持续维护。,技术需求,未实现,工作台自选股配置 / 复盘台 / Dashboard 配置,当前 board/theme 主要内嵌在样本数据中，缺少可维护映射表和租户分组 CRUD,否,部分,否,部分,股票池标准化 -> 推荐主题映射 -> 人工确认归组 -> 回写租户配置。,是,需支持 board_taxonomy、theme_group、symbol_board_mapping、tenant_watchlist_group。,US045 是展示/归纳能力，这条是其背后的配置 CRUD。,新增,否,这是本轮新增的支撑性需求，用于避免板块归纳只能写死在样本里。,MVP核心,Batch 1（1个月内）,P0,依赖股票标准化主数据与租户级分组权限,9.0,2026-07-31,2026-08-22,W4 自选股研究层,完成自选股、K线、板块归纳、预警与相关配置中心
US050,大V/平台管理员,维护自选股预警规则与触达策略,作为大V或平台管理员，我希望维护自选股预警规则、阈值、等级和通知策略，以便预警分析可以持续生效而不是写死在演示数据中。,技术需求,未实现,工作台预警中心 / Admin 规则配置 / 消息策略,当前 alert_level、alert_text 为样本字段，缺少规则 CRUD、历史记录和推送策略配置,否,部分,否,部分,规则触发 -> 风险分级 -> 生成解释文案 -> 分发到详情页/复盘/消息。,是,需支持 alert_rule、threshold_set、notification_policy、alert_history、followup_template。,US046 是预警展示能力，这条是其背后的规则配置与 CRUD。,新增,否,这是本轮新增的支撑性需求，用于把预警从展示文案变成可运营能力。,MVP核心,Batch 1（1个月内）,P0,依赖真实指标数据、消息通道和审计留痕,9.0,2026-07-31,2026-08-22,W4 自选股研究层,完成自选股、K线、板块归纳、预警与相关配置中心
US051,大V,持久化管理智能Dashboard草稿与发布版,作为大V，我希望对智能Dashboard的草稿、发布版、回滚版本和提示词槽位做正式增删改查，以便研究面板可以长期维护。,技术需求,未实现,工作台 dashboard / H5 基本面顶部,当前 Dashboard 草稿/发布主要在 localStorage 和运行时，缺少后端版本化 CRUD,否,部分,是,部分,读取配置 -> 生成建议卡片 -> 人工修改 -> 版本发布 -> 前台同步。,是,需支持 dashboard_config、dashboard_slot、dashboard_revision、published_snapshot。,US031 是看板定义能力，这条是正式 CRUD 化落地。,新增,否,这是本轮新增的支撑性需求，用于解决“有提示词展示、没正式配置资产”问题。,MVP核心,Batch 1（1个月内）,P0,依赖租户配置表、版本回滚和前台同步协议,9.0,2026-07-18,2026-07-30,W3 基本面与Dashboard,把基本面首页、智能看板、提示词配置从演示态拉到可配置态
US052,大V/运营,维护复盘内容库与发布配置,作为大V或运营，我希望对复盘内容的草稿、发布时间、摘要位、关联自选股和展示顺序做正式管理，以便复盘阅读能力不只停留在样本展示。,技术需求,未实现,工作台复盘台 / 门户代表内容 / H5 复盘区,当前复盘展示主要来自前端运行时和 demo 数据，缺少正式发布库与配置 CRUD,否,是,部分,部分,草稿生成 -> 人工编辑 -> 绑定样本池/证据链 -> 发布调度 -> 前台同步。,是,需支持 review_draft、review_publish_plan、review_watchlist_binding、featured_review_slot。,US011/US012 是阅读和生产，这条补齐正式发布配置能力。,新增,是,会议强调复盘是核心承接，但当前仍缺正式内容库与发布配置。,MVP核心,Batch 1（1个月内）,P0,依赖知识库、审核发布流和前台栏目编排,9.0,2026-08-23,2026-09-02,W5 复盘与知识库,把复盘生产、知识维护和内容发布库做成 MVP 可闭环状态
US053,大V/运营,维护群发模板与发送任务,作为大V或运营，我希望管理群发模板、发送对象、定时任务和发送记录，以便群发提醒不只是一个模拟按钮。,技术需求,未实现,工作台 broadcast / 消息中心,当前 /api/kol/broadcast 仅返回模拟触达结果，无模板 CRUD 和任务持久化,否,是,否,部分,选择模板 -> 生成分层文案 -> 审核 -> 定时发送 -> 统计回写。,是,需支持 broadcast_template、audience_segment、send_task、delivery_log。,US017 是展示能力，这条补齐其真实任务化能力。,新增,否,这是本轮新增的支撑性需求，用于避免群发只停留在 demo。,MVP受限开放,Batch 1.5（灰度）,P1,依赖消息通道、模板审核和发送日志,7.5,2026-09-07,2026-09-17,W7 灰度互动一期,MVP 上线后灰度开放文件导入、消息处理与初级编排
US054,粉丝用户,在个股详情页留言互动,作为粉丝用户，我希望在个股详情页针对某只股票直接留言、追问和补充观点，以便围绕具体标的做更聚焦的互动。,业务需求,未实现,H5 个股详情页 / 个股研究档案 / 投顾互动区,当前只有个股详情展示、投顾互动入口和 DM，暂无挂在个股内容下的留言线程,否,否,否,部分,留言提交 -> 股票实体绑定 -> 敏感表达检测 -> 通知大V -> 可选自动摘要/聚类。,是,可沉淀 stock_comment_thread、comment_intent、stock_faq、followup_template。,这是内容级留言，不等同于泛消息/DM；应与具体股票对象绑定。,新增,否,这是本轮新增补充，用于把互动从私信扩展到内容页上下文。,MVP受限开放,Batch 1.5（灰度）,P1,需接内容审核、股票对象绑定和留言限流策略,6.0,2026-09-07,2026-09-17,W7 灰度互动一期,MVP 上线后灰度开放文件导入、消息处理与初级编排
US055,粉丝用户,在复盘内容页留言互动,作为粉丝用户，我希望在复盘文章下直接留言、提问和讨论，以便围绕具体复盘内容继续追问主线、样本和验证节点。,业务需求,未实现,H5 复盘正文页 / 复盘分析报告页,当前复盘页只有阅读与跳转，没有文章级留言区、评论列表和回复链路,否,否,否,部分,评论提交 -> 复盘对象绑定 -> 敏感词/荐股风险检测 -> 通知大V -> 可选问题摘要。,是,可沉淀 review_comment_thread、common_question、reply_template、review_followup_topic。,这是挂在复盘正文下的评论能力，不应被泛消息能力替代。,新增,是,会议虽强调前期控制互动，但复盘是核心内容载体，后续灰度开放时应优先考虑内容上下文内留言。,MVP受限开放,Batch 1.5（灰度）,P1,需接内容审核、文章对象绑定、限流与审核机制,6.0,2026-09-07,2026-09-17,W7 灰度互动一期,MVP 上线后灰度开放文件导入、消息处理与初级编排
US056,技术平台,维护个股与复盘留言线程及审核配置,作为技术平台，我希望对个股留言和复盘留言提供线程、回复、删除、置顶、审核、屏蔽和通知等正式 CRUD 与治理能力，以便内容级互动可控上线。,技术需求,未实现,工作台留言管理 / Admin 审核配置 / H5 内容页,当前无 comment_thread、comment_reply、moderation_queue、content_binding 等正式留言模型,否,否,否,部分,内容对象绑定 -> 留言入队 -> 风险检测 -> 人工/自动审核 -> 通知/摘要 -> 沉淀 FAQ。,是,需支持 comment_thread、comment_message、moderation_event、content_binding、faq_from_comments。,US054/US055 是前台互动能力，这条是其背后的治理和 CRUD 支撑。,新增,是,会议明确互动初期要克制，因此内容级留言必须带审核、限流和聚类治理能力。,MVP受限开放,Batch 1.5（灰度）,P1,依赖内容审核、租户权限、通知通道和评论对象模型设计,8.5,2026-09-07,2026-09-17,W7 灰度互动一期,MVP 上线后灰度开放文件导入、消息处理与初级编排
